Metric,Value
MAE,11.967273442194012
MAPE,38.18115812535462
R2,0.6789471417382682
